<component name="SalesforceArtifactSelectionScreen" extends="Group">
    <interface>
        <field id="content" type="node" onChange="OnContentSet" />
        <field id="appController" type="node" />
        <field id="bindings" type="assocarray" onChange="OnBindingSetRegisterAutoBind" />
        <field id="binding_done" type="boolean" onChange="OnNodeReady" />
        <field id="focus" type="boolean" alwaysNotify="true" onChange="OnFocusChange" />
        <function name="BindNodeFieldsAndProps" />
        <function name="BindScopeFields" />
        <function name="BindNode" />
    </interface>
    <script type="text/brightscript" uri="pkg:/components/parts/AutoBind/AutoBind.part.brs" />
    <script type="text/brightscript" uri="pkg:/components/Screens/SalesforceArtifactSelectionScreen/SalesforceArtifactSelectionScreen_bindings.brs" />
    <script type="text/brightscript" uri="pkg:/components/Screens/SalesforceArtifactSelectionScreen/SalesforceArtifactSelectionScreen.brs" />
    <script type="text/brightscript" uri="pkg:/source/utils/RegistryUtils.brs" />
    <script type="text/brightscript" uri="pkg:/source/utils/FocusManagement.brs" />
    <script type="text/brightscript" uri="pkg:/source/AsyncTask/AsyncTask.brs" />
    <script type="text/brightscript" uri="pkg:/source/utils/Types.brs" />
    <script type="text/brightscript" uri="pkg:/components/Services/Salesforce/SalesforceService.brs" />
    <script type="text/brightscript" uri="pkg:/source/utils/Logging.brs" />
    <script type="text/brightscript" uri="pkg:/source/services/HttpClient.brs" />
    <script type="text/brightscript" uri="pkg:/source/utils/UrlUtils.brs" />
    <script type="text/brightscript" uri="pkg:/source/utils/StringUtils.brs" />
    <script type="text/brightscript" uri="pkg:/source/utils/ErrorUtils.brs" />
    <script type="text/brightscript" uri="pkg:/source/utils/CryptoUtils.brs" />
    <script type="text/brightscript" uri="pkg:/components/Dialog/DialogUtils.brs" />
    <script type="text/brightscript" uri="pkg:/source/utils/NodePathUtils.brs" />
    <script type="text/brightscript" uri="pkg:/source/bslib.brs" />
    <children>
        <Rectangle width="1920" height="1080" color="0x242424" />
        <LayoutGroup itemSpacings="[5,5,20]" translation="[65,120]">
            <Label id="titleLabel" width="500" maxLines="2" wrap="true" text="Dashboards">
                <Font role="font" uri="font:BoldSystemFontFile" size="36" />
            </Label>
            <Label id="subtitleLabel" width="500" text="Select a dashboard to display" font="font:SmallestBoldSystemFont" />
            <Label id="updatedLabel" width="500" font="font:SmallestSystemFont" />
            <Label id="descriptionLabel" width="500" maxLines="10" wrap="true" text="Only the most recently viewed Dashboards are displayed in this list." font="font:SmallestSystemFont" />
            <CheckList id="includeCheckList" checkedState="[true, true]">
                <ContentNode role="content">
                    <ContentNode title="Lightning Dashboards" />
                    <ContentNode title="CRMA Dashboards" />
                </ContentNode>
            </CheckList>
        </LayoutGroup>
        <MarkupGrid id="list" itemComponentName="SalesforceArtifactViewCell" itemSize="[650,120]" itemSpacing="[0,20]" numColumns="1" numRows="6" vertFocusAnimationStyle="floatingFocus" translation="[620,120]" />
        <Rectangle width="560" height="800" translation="[1300,110]" color="0x404040">
            <LayoutGroup itemSpacings="[5,10,20]" translation="[20,20]">
                <Label id="selectedDashboardTitleLabel" width="500" maxLines="2" wrap="true">
                    <Font role="font" uri="font:BoldSystemFontFile" size="36" />
                </Label>
                <Label id="selectedDashboardCreatedByLabel" width="500" font="font:SmallestSystemFont" />
                <Label id="selectedDashboardLastModifiedDateLabel" width="500" font="font:SmallestSystemFont" />
                <Label id="selectedDashboardDescriptionLabel" width="500" maxLines="10" wrap="true" font="font:SmallestSystemFont" />
            </LayoutGroup>
        </Rectangle>
    </children>
</component>
<!--//# sourceMappingURL=./SalesforceArtifactSelectionScreen.xml.map -->