<component name="SalesforceDashboardScreen" extends="Group">
    <interface>
        <field id="appController" type="node" />
        <field id="bindings" type="assocarray" onChange="OnBindingSetRegisterAutoBind" />
        <field id="binding_done" type="boolean" onChange="OnNodeReady" />
        <field id="focus" type="boolean" alwaysNotify="true" onChange="OnFocusChange" />
        <function name="BindNodeFieldsAndProps" />
        <function name="BindScopeFields" />
        <function name="BindNode" />
    </interface>
    <script type="text/brightscript" uri="pkg:/components/parts/AutoBind/AutoBind.part.brs" />
    <script type="text/brightscript" uri="pkg:/components/Screens/SalesforceDashboardScreen/SalesforceDashboardScreen_bindings.brs" />
    <script type="text/brightscript" uri="pkg:/components/Screens/SalesforceDashboardScreen/SalesforceDashboardScreen.brs" />
    <script type="text/brightscript" uri="pkg:/source/utils/RegistryUtils.brs" />
    <script type="text/brightscript" uri="pkg:/source/utils/FocusManagement.brs" />
    <script type="text/brightscript" uri="pkg:/source/AsyncTask/AsyncTask.brs" />
    <script type="text/brightscript" uri="pkg:/source/utils/Types.brs" />
    <script type="text/brightscript" uri="pkg:/components/Dialog/DialogUtils.brs" />
    <script type="text/brightscript" uri="pkg:/source/utils/NodePathUtils.brs" />
    <script type="text/brightscript" uri="pkg:/source/bslib.brs" />
    <children>
        <Button id="dummyButton" />
        <Rectangle width="1920" height="1080" color="0x242424" />
        <Poster id="SalesforceDashboard" height="0.0" width="0.0" loadHeight="1080" loadWidth="1920" translation="[0, 0]" loadDisplayMode="scaleToZoom" />
        <Poster id="SalesforceLogo" height="280" width="400" loadHeight="280" loadWidth="400" uri="pkg:/images/salesforcelogo.png" translation="[760, 310]" />
        <Label id="MessageLabel" height="50" width="1920" font="font:MediumBoldSystemFont" horizAlign="center" translation="[0,800]" text="Loading dashboard..." />
        <Timer id="RefreshTimer" duration="0" repeat="true" />
    </children>
</component>
<!--//# sourceMappingURL=./SalesforceDashboardScreen.xml.map -->