<component name="Logger" extends="Task">
    <interface>
        <field id="logLevel" type="int" value="2" />
        <field id="logLine" type="string" alwaysNotify="true" />
        <field id="folder" type="string" value="cachefs:/logs" />
        <field id="filename" type="string" value="app_logs.txt" />
        <field id="filenamePrevious" type="string" value="app_logs_previous.txt" />
        <field id="filenameStartup" type="string" value="cachefs:/sfdc_startup_logs.txt" />
    </interface>
    <script type="text/brightscript" uri="pkg:/components/Logger/Logger.brs" />
    <script type="text/brightscript" uri="pkg:/source/utils/StringUtils.brs" />
    <script type="text/brightscript" uri="pkg:/source/utils/Logging.brs" />
    <script type="text/brightscript" uri="pkg:/source/bslib.brs" />
</component>
<!--//# sourceMappingURL=./Logger.xml.map -->