<component name="MainScene" extends="Group">
    <interface>
        <field id="bindings" type="assocarray" onChange="OnBindingSetRegisterAutoBind" />
        <field id="binding_done" type="boolean" onChange="OnNodeReady" />
        <function name="BindNodeFieldsAndProps" />
        <function name="BindScopeFields" />
        <function name="BindNode" />
    </interface>
    <script type="text/brightscript" uri="pkg:/components/parts/AutoBind/AutoBind.part.brs" />
    <script type="text/brightscript" uri="pkg:/components/MainScene_bindings.brs" />
    <script type="text/brightscript" uri="pkg:/source/utils/NodePathUtils.brs" />
    <script type="text/brightscript" uri="pkg:/components/MainScene.brs" />
    <script type="text/brightscript" uri="pkg:/source/utils/Types.brs" />
    <script type="text/brightscript" uri="pkg:/source/utils/LoadingScreen.brs" />
    <script type="text/brightscript" uri="pkg:/components/parts/AutoBind/OnNodeReadyNoOp.brs" />
    <script type="text/brightscript" uri="pkg:/source/bslib.brs" />
    <children>
        <Logger id="Logger" />
        <AppController id="AppController">
            <Group id="Stack">
                <AppRoot id="AppRoot">
                    <SalesforceLoadingScreen id="sfLoadingScrn" />
                </AppRoot>
            </Group>
            <ApplicationInfo id="ApplicationInfo" />
        </AppController>
    </children>
</component>
<!--//# sourceMappingURL=./MainScene.xml.map -->