<component name="ApplicationInfo" extends="Node">
    <interface>
        <field id="lib_version_latest" type="string" />
        <function name="GetUserCountryCode" />
        <function name="GetLocalIpAddress" />
        <function name="GetDeviceInfo" />
    </interface>
    <script type="text/brightscript" uri="pkg:/components/Services/ApplicationInfo/ApplicationInfo.brs" />
    <script type="text/brightscript" uri="pkg:/source/services/ApplicationInfo.brs" />
    <script type="text/brightscript" uri="pkg:/source/utils/StringUtils.brs" />
    <script type="text/brightscript" uri="pkg:/source/AsyncTask/AsyncTask.brs" />
    <script type="text/brightscript" uri="pkg:/source/utils/Types.brs" />
    <script type="text/brightscript" uri="pkg:/source/bslib.brs" />
</component>
<!--//# sourceMappingURL=./ApplicationInfo.xml.map -->