<?xml version="1.0" encoding="UTF-8" ?>
<component name="GenerateQrCodeTask_AsyncTask" extends="Task">
    <interface>
        <field id="input" type="assocarray" />
        <field id="output" type="assocarray" />
        <field id="cancel" type="boolean" alwaysNotify="true" />
        <field id="cancellation" type="assocarray" />
    </interface>
    <script type="text/brightscript" uri="pkg:/components/AsyncTask/generated/GenerateQrCodeTask_AsyncTask.brs" />
    <script type="text/brightscript" uri="pkg:/source/utils/ErrorUtils.brs" />
    <script type="text/brightscript" uri="pkg:/source/utils/Types.brs" />
    <script type="text/brightscript" uri="pkg:/components/Screens/SalesforceAuthScreen/GenerateQrCodeTask.brs" />
    <script type="text/brightscript" uri="pkg:/source/utils/StringUtils.brs" />
    <script type="text/brightscript" uri="pkg:/source/QrCode/QrImage.brs" />
    <script type="text/brightscript" uri="pkg:/source/utils/CryptoUtils.brs" />
    <script type="text/brightscript" uri="pkg:/source/QrCode/QRCode.brs" />
    <script type="text/brightscript" uri="pkg:/source/QrCode/QRUtil.brs" />
    <script type="text/brightscript" uri="pkg:/source/QrCode/QRRSBlock.brs" />
    <script type="text/brightscript" uri="pkg:/source/QrCode/QRPolynomial.brs" />
    <script type="text/brightscript" uri="pkg:/source/QrCode/QRMath.brs" />
    <script type="text/brightscript" uri="pkg:/source/QrCode/QRData_Numeric.brs" />
    <script type="text/brightscript" uri="pkg:/source/QrCode/QRData_Byte.brs" />
    <script type="text/brightscript" uri="pkg:/source/QrCode/QRData_AlphaNumeric.brs" />
    <script type="text/brightscript" uri="pkg:/source/QrCode/QRCode.exports.brs" />
    <script type="text/brightscript" uri="pkg:/source/QrCode/QRBitBuffer.brs" />
    <script type="text/brightscript" uri="pkg:/source/bslib.brs" />
</component>
<!--//# sourceMappingURL=./GenerateQrCodeTask_AsyncTask.xml.map -->