<?xml version="1.0" encoding="UTF-8" ?>
<component name="LatestLibVersionTask_AsyncTask" extends="Task">
    <interface>
        <field id="input" type="assocarray" />
        <field id="output" type="assocarray" />
        <field id="cancel" type="boolean" alwaysNotify="true" />
        <field id="cancellation" type="assocarray" />
    </interface>
    <script type="text/brightscript" uri="pkg:/components/AsyncTask/generated/LatestLibVersionTask_AsyncTask.brs" />
    <script type="text/brightscript" uri="pkg:/source/utils/ErrorUtils.brs" />
    <script type="text/brightscript" uri="pkg:/source/utils/Types.brs" />
    <script type="text/brightscript" uri="pkg:/components/Services/ApplicationInfo/LatestLibVersionTask.brs" />
    <script type="text/brightscript" uri="pkg:/source/services/HttpClient.brs" />
    <script type="text/brightscript" uri="pkg:/source/utils/UrlUtils.brs" />
    <script type="text/brightscript" uri="pkg:/source/utils/StringUtils.brs" />
    <script type="text/brightscript" uri="pkg:/source/utils/Logging.brs" />
    <script type="text/brightscript" uri="pkg:/source/utils/CryptoUtils.brs" />
    <script type="text/brightscript" uri="pkg:/source/bslib.brs" />
</component>
<!--//# sourceMappingURL=./LatestLibVersionTask_AsyncTask.xml.map -->