<component name="AppController" extends="Group">
    <interface>
        <field id="root" type="node" />
        <field id="stack" type="node" />
        <field id="playQueue" type="node" />
        <field id="bindings" type="assocarray" onChange="OnBindingSetRegisterAutoBind" />
        <field id="binding_done" type="boolean" onChange="OnNodeReady" />
        <function name="PushScreen" />
        <function name="PopScreen" />
        <function name="FocusTopScreen" />
        <function name="HideRootScreen" />
        <function name="ShowRootScreen" />
        <function name="GetRootScreen" />
        <function name="BindNodeFieldsAndProps" />
        <function name="BindScopeFields" />
        <function name="BindNode" />
    </interface>
    <script type="text/brightscript" uri="pkg:/components/parts/AutoBind/AutoBind.part.brs" />
    <script type="text/brightscript" uri="pkg:/components/AppController/AppController_bindings.brs" />
    <script type="text/brightscript" uri="pkg:/source/utils/NodePathUtils.brs" />
    <script type="text/brightscript" uri="pkg:/components/AppController/AppController.brs" />
    <script type="text/brightscript" uri="pkg:/source/utils/Types.brs" />
    <script type="text/brightscript" uri="pkg:/source/utils/StringUtils.brs" />
    <script type="text/brightscript" uri="pkg:/source/utils/Logging.brs" />
    <script type="text/brightscript" uri="pkg:/source/utils/FocusManagement.brs" />
    <script type="text/brightscript" uri="pkg:/source/bslib.brs" />
</component>
<!--//# sourceMappingURL=./AppController.xml.map -->