<component name="SalesforceLoadingScreen" extends="Group">
    <interface>
        <field id="appController" type="node" />
        <field id="bindings" type="assocarray" onChange="OnBindingSetRegisterAutoBind" />
        <field id="binding_done" type="boolean" onChange="OnNodeReady" />
        <function name="BindNodeFieldsAndProps" />
        <function name="BindScopeFields" />
        <function name="BindNode" />
    </interface>
    <script type="text/brightscript" uri="pkg:/components/parts/AutoBind/AutoBind.part.brs" />
    <script type="text/brightscript" uri="pkg:/components/Screens/SalesforceLoadingScreen/SalesforceLoadingScreen_bindings.brs" />
    <script type="text/brightscript" uri="pkg:/components/Screens/SalesforceLoadingScreen/SalesforceLoadingScreen.brs" />
    <script type="text/brightscript" uri="pkg:/source/utils/StringUtils.brs" />
    <script type="text/brightscript" uri="pkg:/source/AsyncTask/AsyncTask.brs" />
    <script type="text/brightscript" uri="pkg:/source/utils/Types.brs" />
    <script type="text/brightscript" uri="pkg:/components/Services/Salesforce/SalesforceService.brs" />
    <script type="text/brightscript" uri="pkg:/source/utils/RegistryUtils.brs" />
    <script type="text/brightscript" uri="pkg:/source/utils/Logging.brs" />
    <script type="text/brightscript" uri="pkg:/source/services/HttpClient.brs" />
    <script type="text/brightscript" uri="pkg:/source/utils/UrlUtils.brs" />
    <script type="text/brightscript" uri="pkg:/source/utils/ErrorUtils.brs" />
    <script type="text/brightscript" uri="pkg:/source/utils/CryptoUtils.brs" />
    <script type="text/brightscript" uri="pkg:/source/utils/NodePathUtils.brs" />
    <script type="text/brightscript" uri="pkg:/source/bslib.brs" />
    <children>
        <Rectangle width="1920" height="1080" color="0x242424" />
        <Poster id="SalesforceLogo" height="280" width="400" loadHeight="280" loadWidth="400" uri="pkg:/images/salesforcelogo.png" translation="[760, 310]" />
        <Label id="MessageLabel" height="50" width="1920" font="font:MediumBoldSystemFont" horizAlign="center" translation="[0,800]" text="Loading..." />
    </children>
</component>
<!--//# sourceMappingURL=./SalesforceLoadingScreen.xml.map -->